item,recorte,Branca 2012T1,Branca 2026T2,cresc.% Branca,Negra 2012T1,Negra 2026T2,cresc.% Negra,Indígena 2012T1,Indígena 2026T2,cresc.% Indígena,cresceu mais,hiato B-N R$ 2012T1,hiato B-N R$ 2026T2,hiato B-N R$,hiato B-I R$ 2012T1,hiato B-I R$ 2026T2,hiato B-N % 2012T1,hiato B-N % 2026T2,hiato B-I % 2012T1,hiato B-I % 2026T2
1. Raça,Brasil,3768.3,4505.7,19.6,2076.8,2686.8,29.4,1975.8,2538.8,28.5,Negra,1691.5,1819.0,subiu,1792.5,1966.9,81.4,67.7,90.7,77.5
2. Raça × Gênero,Combinado,3768.3,4505.7,19.6,2076.8,2686.8,29.4,1975.8,2538.8,28.5,Negra,1691.5,1819.0,subiu,1792.5,1966.9,81.4,67.7,90.7,77.5
2. Raça × Gênero,Mulheres,3105.0,3952.5,27.3,1790.6,2419.9,35.1,1581.6,2542.1,60.7,Indígena,1314.4,1532.7,subiu,1523.4,1410.4,73.4,63.3,96.3,55.5
2. Raça × Gênero,Homens,4510.8,5127.4,13.7,2370.7,2963.7,25.0,2412.3,2534.9,5.1,Negra,2140.1,2163.8,subiu,2098.5,2592.6,90.3,73.0,87.0,102.3
3. Raça × Faixa Etária,Combinado,3768.3,4505.7,19.6,2076.8,2686.8,29.4,1975.8,2538.8,28.5,Negra,1691.5,1819.0,subiu,1792.5,1966.9,81.4,67.7,90.7,77.5
3. Raça × Faixa Etária,14-17 anos,1141.1,1193.8,4.6,868.6,989.4,13.9,924.0,654.0,-29.2,Negra,272.5,204.4,caiu,217.1,539.8,31.4,20.7,23.5,82.5
3. Raça × Faixa Etária,18-24 anos,2065.6,2319.2,12.3,1573.6,1931.1,22.7,1572.2,1887.7,20.1,Negra,492.0,388.1,caiu,493.4,431.5,31.3,20.1,31.4,22.9
3. Raça × Faixa Etária,25-39 anos,3809.4,4662.9,22.4,2292.4,2931.3,27.9,2312.5,2728.6,18.0,Negra,1517.0,1731.6,subiu,1496.9,1934.3,66.2,59.1,64.7,70.9
3. Raça × Faixa Etária,40-59 anos,4726.8,5440.2,15.1,2602.7,3124.6,20.1,2464.1,3268.6,32.6,Indígena,2124.1,2315.6,subiu,2262.7,2171.6,81.6,74.1,91.8,66.4
3. Raça × Faixa Etária,60+ anos,4630.2,4922.3,6.3,1996.2,2697.0,35.1,1428.4,2175.5,52.3,Indígena,2634.0,2225.3,caiu,3201.7,2746.8,132.0,82.5,224.1,126.3
4. Raça × Geração,Combinado,3786.9,4563.2,20.5,2104.0,2745.0,30.5,2110.8,2546.2,20.6,Negra,1682.9,1818.3,subiu,1676.1,2017.0,80.0,66.2,79.4,79.2
4. Raça × Geração,Baby Boomer,4950.7,4919.2,-0.6,2561.4,2699.9,5.4,2014.8,1633.8,-18.9,Negra,2389.3,2219.3,caiu,2935.9,3285.4,93.3,82.2,145.7,201.1
4. Raça × Geração,Geração X,4331.3,5324.7,22.9,2492.5,3045.5,22.2,2343.6,2967.2,26.6,Indígena,1838.8,2279.2,subiu,1987.7,2357.5,73.8,74.8,84.8,79.5
4. Raça × Geração,Millennial,2767.7,5272.7,90.5,1843.2,3143.5,70.6,2159.5,3451.7,59.8,Branca,924.6,2129.1,subiu,608.2,1820.9,50.2,67.7,28.2,52.8
4. Raça × Geração,Geração Z,941.5,2938.2,212.1,627.3,2197.3,250.3,1123.2,1893.3,68.6,Negra,314.2,740.9,subiu,-181.7,1044.9,50.1,33.7,-16.2,55.2
5. Raça × Escolaridade,Combinado,3415.8,4141.5,21.2,2006.3,2530.8,26.1,1934.7,2386.1,23.3,Negra,1409.5,1610.6,subiu,1481.1,1755.4,70.3,63.6,76.6,73.6
5. Raça × Escolaridade,Sem instrução,1501.7,2316.0,54.2,1028.0,1426.2,38.7,862.5,1061.5,23.1,Branca,473.7,889.8,subiu,639.3,1254.5,46.1,62.4,74.1,118.2
5. Raça × Escolaridade,Fundamental incompl.,1947.0,2208.9,13.5,1507.3,1719.0,14.1,1466.5,1393.0,-5.0,Negra,439.7,489.9,subiu,480.4,815.9,29.2,28.5,32.8,58.6
5. Raça × Escolaridade,Fundamental compl.,2353.0,2480.5,5.4,1821.6,2022.0,11.0,1710.0,2002.9,17.1,Indígena,531.5,458.5,caiu,643.1,477.6,29.2,22.7,37.6,23.8
5. Raça × Escolaridade,Médio incompl.,2158.2,2331.5,8.0,1686.2,1954.1,15.9,1643.1,1637.7,-0.3,Negra,472.1,377.5,caiu,515.1,693.8,28.0,19.3,31.3,42.4
5. Raça × Escolaridade,Médio compl.,3072.6,3034.1,-1.3,2328.4,2410.8,3.5,2122.4,2277.5,7.3,Indígena,744.2,623.4,caiu,950.2,756.6,32.0,25.9,44.8,33.2
5. Raça × Escolaridade,Superior incompl.,3902.1,3566.4,-8.6,3090.5,2952.5,-4.5,4627.9,2692.5,-41.8,Negra,811.6,613.9,caiu,-725.8,874.0,26.3,20.8,-15.7,32.5
5. Raça × Escolaridade,Superior compl.,8605.3,8104.0,-5.8,6192.9,5700.9,-7.9,5054.7,5725.2,13.3,Indígena,2412.4,2403.1,caiu,3550.6,2378.8,39.0,42.2,70.2,41.5
6. Raça × Gênero × Faixa Etária,Mulheres · 14-17 anos,1128.9,1178.5,4.4,788.4,919.1,16.6,657.0,715.0,8.8,Negra,340.5,259.5,caiu,471.9,463.5,43.2,28.2,71.8,64.8
6. Raça × Gênero × Faixa Etária,Mulheres · 18-24 anos,1887.2,2180.9,15.6,1449.1,1752.7,21.0,1203.4,1714.3,42.5,Indígena,438.1,428.2,caiu,683.8,466.6,30.2,24.4,56.8,27.2
6. Raça × Gênero × Faixa Etária,Mulheres · 25-39 anos,3261.2,4185.4,28.3,1995.5,2665.7,33.6,1862.6,2536.0,36.2,Indígena,1265.7,1519.7,subiu,1398.7,1649.4,63.4,57.0,75.1,65.0
6. Raça × Gênero × Faixa Etária,Mulheres · 40-59 anos,3776.1,4627.5,22.5,2189.3,2750.8,25.6,2150.0,3391.3,57.7,Indígena,1586.8,1876.7,subiu,1626.1,1236.3,72.5,68.2,75.6,36.5
6. Raça × Gênero × Faixa Etária,Mulheres · 60+ anos,3465.1,4217.5,21.7,1605.8,2430.4,51.3,1151.7,2333.0,102.6,Indígena,1859.3,1787.1,caiu,2313.5,1884.4,115.8,73.5,200.9,80.8
7. Raça × Gênero × Geração,Mulheres · Baby Boomer,3916.1,4161.3,6.3,2156.2,2439.5,13.1,1955.8,1596.1,-18.4,Negra,1759.9,1721.8,caiu,1960.3,2565.2,81.6,70.6,100.2,160.7
7. Raça × Gênero × Geração,Mulheres · Geração X,3532.1,4531.0,28.3,2115.5,2701.6,27.7,1807.2,3019.4,67.1,Indígena,1416.6,1829.4,subiu,1724.9,1511.6,67.0,67.7,95.4,50.1
7. Raça × Gênero × Geração,Mulheres · Millennial,2512.2,4616.4,83.8,1658.4,2798.1,68.7,1735.3,3659.1,110.9,Indígena,853.8,1818.3,subiu,776.9,957.3,51.5,65.0,44.8,26.2
7. Raça × Gênero × Geração,Mulheres · Geração Z,983.9,2741.9,178.7,602.5,2013.2,234.1,1234.8,1645.1,33.2,Negra,381.4,728.7,subiu,-250.9,1096.8,63.3,36.2,-20.3,66.7
8. Raça × Gênero × Escolaridade,Mulheres · Sem instrução,1231.0,2243.0,82.2,879.3,1304.1,48.3,564.2,850.6,50.8,Branca,351.7,938.8,subiu,666.8,1392.4,40.0,72.0,118.2,163.7
8. Raça × Gênero × Escolaridade,Mulheres · Fundamental incompl.,1444.4,1721.7,19.2,1170.0,1377.1,17.7,1175.5,1385.3,17.8,Branca,274.4,344.6,subiu,268.9,336.4,23.5,25.0,22.9,24.3
8. Raça × Gênero × Escolaridade,Mulheres · Fundamental compl.,1778.4,1830.2,2.9,1420.5,1633.9,15.0,1340.8,1303.6,-2.8,Negra,357.9,196.4,caiu,437.6,526.6,25.2,12.0,32.6,40.4
8. Raça × Gênero × Escolaridade,Mulheres · Médio incompl.,1703.0,1821.2,6.9,1378.2,1590.4,15.4,1463.7,1433.3,-2.1,Negra,324.8,230.8,caiu,239.3,387.9,23.6,14.5,16.3,27.1
8. Raça × Gênero × Escolaridade,Mulheres · Médio compl.,2309.6,2496.0,8.1,1830.6,1992.3,8.8,1561.7,1806.3,15.7,Indígena,479.0,503.7,subiu,747.9,689.7,26.2,25.3,47.9,38.2
8. Raça × Gênero × Escolaridade,Mulheres · Superior incompl.,2891.8,2844.0,-1.7,2400.5,2380.4,-0.8,1963.6,2078.0,5.8,Indígena,491.3,463.6,caiu,928.2,766.0,20.5,19.5,47.3,36.9
8. Raça × Gênero × Escolaridade,Mulheres · Superior compl.,6437.4,6571.9,2.1,4902.0,4826.4,-1.5,4256.9,5818.3,36.7,Indígena,1535.4,1745.5,subiu,2180.6,753.6,31.3,36.2,51.2,13.0
9. Raça × Gênero × Faixa Etária × Escolaridade,Mulheres · 14-17 · Sem instrução,641.2,0.0,-100.0,476.6,14.2,-97.0,,,,Negra,164.6,-14.2,caiu,,,34.5,-100.0,,
9. Raça × Gênero × Faixa Etária × Escolaridade,Mulheres · 14-17 · Fundamental incompl.,733.9,1033.8,40.9,577.7,753.4,30.4,723.5,1000.0,38.2,Branca,156.2,280.5,subiu,10.4,33.8,27.0,37.2,1.4,3.4
9. Raça × Gênero × Faixa Etária × Escolaridade,Mulheres · 14-17 · Fundamental compl.,1288.7,906.1,-29.7,693.6,918.2,32.4,43.8,0.0,-100.0,Negra,595.1,-12.1,caiu,1244.9,906.1,85.8,-1.3,2845.2,
9. Raça × Gênero × Faixa Etária × Escolaridade,Mulheres · 14-17 · Médio incompl.,1021.0,1136.7,11.3,880.3,936.9,6.4,728.5,626.6,-14.0,Branca,140.7,199.8,subiu,292.5,510.2,16.0,21.3,40.2,81.4
9. Raça × Gênero × Faixa Etária × Escolaridade,Mulheres · 14-17 · Médio compl.,1472.4,2013.9,36.8,1037.0,1107.5,6.8,0.0,0.0,,Branca,435.4,906.4,subiu,1472.4,2013.9,42.0,81.8,,
9. Raça × Gênero × Faixa Etária × Escolaridade,Mulheres · 14-17 · Superior incompl.,2655.7,960.0,-63.9,1592.2,1530.5,-3.9,,,,Negra,1063.4,-570.5,caiu,,,66.8,-37.3,,
9. Raça × Gênero × Faixa Etária × Escolaridade,Mulheres · 14-17 · Superior compl.,,,,,,,,,,—,,,—,,,,,,
9. Raça × Gênero × Faixa Etária × Escolaridade,Mulheres · 18-24 · Sem instrução,1410.3,1827.0,29.6,1108.9,1499.6,35.2,0.0,0.0,,Negra,301.3,327.4,subiu,1410.3,1827.0,27.2,21.8,,
9. Raça × Gênero × Faixa Etária × Escolaridade,Mulheres · 18-24 · Fundamental incompl.,1139.0,1667.2,46.4,973.9,1186.0,21.8,623.1,1275.7,104.7,Indígena,165.1,481.2,subiu,515.8,391.6,17.0,40.6,82.8,30.7
9. Raça × Gênero × Faixa Etária × Escolaridade,Mulheres · 18-24 · Fundamental compl.,1450.3,1574.7,8.6,1148.8,1467.8,27.8,1496.4,953.3,-36.3,Negra,301.5,106.9,caiu,-46.1,621.3,26.2,7.3,-3.1,65.2
9. Raça × Gênero × Faixa Etária × Escolaridade,Mulheres · 18-24 · Médio incompl.,1455.6,1765.4,21.3,1257.4,1415.9,12.6,892.7,1668.2,86.9,Indígena,198.1,349.4,subiu,562.9,97.2,15.8,24.7,63.1,5.8
9. Raça × Gênero × Faixa Etária × Escolaridade,Mulheres · 18-24 · Médio compl.,1688.8,1979.9,17.2,1449.9,1686.0,16.3,941.5,1659.6,76.3,Indígena,238.9,293.9,subiu,747.3,320.3,16.5,17.4,79.4,19.3
9. Raça × Gênero × Faixa Etária × Escolaridade,Mulheres · 18-24 · Superior incompl.,1994.3,2109.3,5.8,1812.7,1911.8,5.5,1975.0,1648.7,-16.5,Branca,181.6,197.5,subiu,19.3,460.6,10.0,10.3,1.0,27.9
9. Raça × Gênero × Faixa Etária × Escolaridade,Mulheres · 18-24 · Superior compl.,3334.9,3349.2,0.4,2795.7,2679.4,-4.2,3076.7,3674.6,19.4,Indígena,539.2,669.9,subiu,258.2,-325.3,19.3,25.0,8.4,-8.9
9. Raça × Gênero × Faixa Etária × Escolaridade,Mulheres · 25-39 · Sem instrução,1445.3,2372.5,64.1,989.4,2082.8,110.5,935.9,2000.0,113.7,Indígena,455.9,289.6,caiu,509.5,372.5,46.1,13.9,54.4,18.6
9. Raça × Gênero × Faixa Etária × Escolaridade,Mulheres · 25-39 · Fundamental incompl.,1396.2,1600.8,14.7,1139.4,1286.1,12.9,1377.0,1781.6,29.4,Indígena,256.8,314.7,subiu,19.2,-180.7,22.5,24.5,1.4,-10.1
9. Raça × Gênero × Faixa Etária × Escolaridade,Mulheres · 25-39 · Fundamental compl.,1732.1,1826.0,5.4,1421.6,1485.6,4.5,1400.8,1369.1,-2.3,Branca,310.5,340.4,subiu,331.3,456.8,21.8,22.9,23.6,33.4
9. Raça × Gênero × Faixa Etária × Escolaridade,Mulheres · 25-39 · Médio incompl.,1738.2,1957.3,12.6,1467.8,1690.8,15.2,1864.8,1350.6,-27.6,Negra,270.4,266.5,caiu,-126.6,606.7,18.4,15.8,-6.8,44.9
9. Raça × Gênero × Faixa Etária × Escolaridade,Mulheres · 25-39 · Médio compl.,2219.3,2513.6,13.3,1785.9,1974.8,10.6,1901.0,1865.8,-1.9,Branca,433.4,538.8,subiu,318.3,647.8,24.3,27.3,16.7,34.7
9. Raça × Gênero × Faixa Etária × Escolaridade,Mulheres · 25-39 · Superior incompl.,3100.7,3140.8,1.3,2473.2,2539.7,2.7,1916.1,2395.7,25.0,Indígena,627.5,601.0,caiu,1184.6,745.1,25.4,23.7,61.8,31.1
9. Raça × Gênero × Faixa Etária × Escolaridade,Mulheres · 25-39 · Superior compl.,5746.0,5799.6,0.9,4437.5,4440.0,0.1,3241.7,3918.4,20.9,Indígena,1308.5,1359.5,subiu,2504.3,1881.1,29.5,30.6,77.3,48.0
9. Raça × Gênero × Faixa Etária × Escolaridade,Mulheres · 40-59 · Sem instrução,1309.0,2370.1,81.1,887.3,1274.6,43.7,518.7,1367.1,163.6,Indígena,421.8,1095.4,subiu,790.3,1002.9,47.5,85.9,152.4,73.4
9. Raça × Gênero × Faixa Etária × Escolaridade,Mulheres · 40-59 · Fundamental incompl.,1520.2,1787.9,17.6,1252.4,1463.3,16.8,1100.1,1294.4,17.7,Indígena,267.8,324.5,subiu,420.1,493.5,21.4,22.2,38.2,38.1
9. Raça × Gênero × Faixa Etária × Escolaridade,Mulheres · 40-59 · Fundamental compl.,1959.9,1955.7,-0.2,1595.4,1761.4,10.4,991.4,1446.1,45.9,Indígena,364.5,194.2,caiu,968.5,509.6,22.9,11.0,97.7,35.2
9. Raça × Gênero × Faixa Etária × Escolaridade,Mulheres · 40-59 · Médio incompl.,2429.8,2149.2,-11.5,1771.0,1753.3,-1.0,1356.6,1807.9,33.3,Indígena,658.9,395.9,caiu,1073.2,341.3,37.2,22.6,79.1,18.9
9. Raça × Gênero × Faixa Etária × Escolaridade,Mulheres · 40-59 · Médio compl.,2826.1,2591.2,-8.3,2277.8,2127.8,-6.6,1736.3,1819.4,4.8,Indígena,548.4,463.4,caiu,1089.9,771.8,24.1,21.8,62.8,42.4
9. Raça × Gênero × Faixa Etária × Escolaridade,Mulheres · 40-59 · Superior incompl.,4582.7,3511.1,-23.4,3464.7,2732.7,-21.1,,1893.2,,Negra,1118.0,778.4,caiu,,1617.9,32.3,28.5,,85.5
9. Raça × Gênero × Faixa Etária × Escolaridade,Mulheres · 40-59 · Superior compl.,7703.5,7414.0,-3.8,5896.8,5302.1,-10.1,6068.0,8038.0,32.5,Indígena,1806.6,2111.9,subiu,1635.4,-624.1,30.6,39.8,27.0,-7.8
9. Raça × Gênero × Faixa Etária × Escolaridade,Mulheres · 60+ · Sem instrução,848.2,1875.9,121.2,726.8,916.4,26.1,477.9,301.2,-37.0,Branca,121.4,959.5,subiu,370.3,1574.8,16.7,104.7,77.5,522.9
9. Raça × Gênero × Faixa Etária × Escolaridade,Mulheres · 60+ · Fundamental incompl.,1431.7,1638.7,14.5,1120.3,1230.3,9.8,1582.3,1315.7,-16.9,Branca,311.4,408.3,subiu,-150.6,323.0,27.8,33.2,-9.5,24.5
9. Raça × Gênero × Faixa Etária × Escolaridade,Mulheres · 60+ · Fundamental compl.,1759.9,1709.7,-2.9,1622.9,1769.7,9.0,0.0,848.2,,Negra,137.1,-60.0,caiu,1759.9,861.5,8.4,-3.4,,101.6
9. Raça × Gênero × Faixa Etária × Escolaridade,Mulheres · 60+ · Médio incompl.,2860.8,1998.5,-30.1,1759.8,1975.0,12.2,0.0,1025.9,,Negra,1101.1,23.5,caiu,2860.8,972.7,62.6,1.2,,94.8
9. Raça × Gênero × Faixa Etária × Escolaridade,Mulheres · 60+ · Médio compl.,3492.3,3210.8,-8.1,2388.1,2315.8,-3.0,763.4,1817.1,138.0,Indígena,1104.1,895.0,caiu,2728.8,1393.7,46.2,38.6,357.4,76.7
9. Raça × Gênero × Faixa Etária × Escolaridade,Mulheres · 60+ · Superior incompl.,4400.0,3739.4,-15.0,2980.5,3452.9,15.9,0.0,,,Negra,1419.5,286.5,caiu,4400.0,,47.6,8.3,,
9. Raça × Gênero × Faixa Etária × Escolaridade,Mulheres · 60+ · Superior compl.,9208.8,7710.7,-16.3,5794.9,5808.0,0.2,2377.1,7119.2,199.5,Indígena,3413.9,1902.8,caiu,6831.6,591.5,58.9,32.8,287.4,8.3
10. Raça × Gênero × Geração × Escolaridade,Mulheres · Baby Boomer · Sem instrução,1071.4,1230.8,14.9,858.5,860.1,0.2,452.8,264.4,-41.6,Branca,212.9,370.8,subiu,618.6,966.5,24.8,43.1,136.6,365.6
10. Raça × Gênero × Geração × Escolaridade,Mulheres · Baby Boomer · Fundamental incompl.,1510.0,1583.3,4.8,1233.3,1217.3,-1.3,1187.4,1313.2,10.6,Indígena,276.8,366.0,subiu,322.6,270.1,22.4,30.1,27.2,20.6
10. Raça × Gênero × Geração × Escolaridade,Mulheres · Baby Boomer · Fundamental compl.,2038.2,1558.7,-23.5,1623.8,1888.2,16.3,999.6,848.2,-15.1,Negra,414.4,-329.6,caiu,1038.6,710.4,25.5,-17.5,103.9,83.8
10. Raça × Gênero × Geração × Escolaridade,Mulheres · Baby Boomer · Médio incompl.,2893.4,2079.6,-28.1,1802.6,1976.3,9.6,437.6,1025.9,134.5,Indígena,1090.8,103.3,caiu,2455.9,1053.7,60.5,5.2,561.3,102.7
10. Raça × Gênero × Geração × Escolaridade,Mulheres · Baby Boomer · Médio compl.,2998.5,3338.2,11.3,2469.8,2379.3,-3.7,1136.5,1575.9,38.7,Indígena,528.7,958.8,subiu,1862.0,1762.2,21.4,40.3,163.8,111.8
10. Raça × Gênero × Geração × Escolaridade,Mulheres · Baby Boomer · Superior incompl.,5250.4,3643.2,-30.6,3716.3,3460.3,-6.9,0.0,,,Negra,1534.1,182.9,caiu,5250.4,,41.3,5.3,,
10. Raça × Gênero × Geração × Escolaridade,Mulheres · Baby Boomer · Superior compl.,8374.7,7672.8,-8.4,6431.8,5768.1,-10.3,6096.6,3700.4,-39.3,Branca,1942.9,1904.7,caiu,2278.1,3972.4,30.2,33.0,37.4,107.4
10. Raça × Gênero × Geração × Escolaridade,Mulheres · Geração X · Sem instrução,1480.2,2571.1,73.7,923.0,1231.9,33.5,576.2,828.7,43.8,Branca,557.3,1339.2,subiu,904.0,1742.4,60.4,108.7,156.9,210.2
10. Raça × Gênero × Geração × Escolaridade,Mulheres · Geração X · Fundamental incompl.,1489.3,1823.8,22.5,1210.6,1466.2,21.1,1023.9,1276.8,24.7,Indígena,278.6,357.6,subiu,465.4,547.0,23.0,24.4,45.4,42.8
10. Raça × Gênero × Geração × Escolaridade,Mulheres · Geração X · Fundamental compl.,1832.5,2009.4,9.7,1525.0,1804.8,18.3,1594.3,1612.4,1.1,Negra,307.5,204.6,caiu,238.2,396.9,20.2,11.3,14.9,24.6
10. Raça × Gênero × Geração × Escolaridade,Mulheres · Geração X · Médio incompl.,1877.3,2143.9,14.2,1646.3,1810.4,10.0,2185.2,2047.4,-6.3,Branca,231.0,333.6,subiu,-307.9,96.5,14.0,18.4,-14.1,4.7
10. Raça × Gênero × Geração × Escolaridade,Mulheres · Geração X · Médio compl.,2520.6,2585.1,2.6,1980.6,2155.2,8.8,1927.1,1905.4,-1.1,Negra,539.9,429.9,caiu,593.4,679.7,27.3,19.9,30.8,35.7
10. Raça × Gênero × Geração × Escolaridade,Mulheres · Geração X · Superior incompl.,3679.8,3348.2,-9.0,2962.1,2895.6,-2.2,0.0,1757.0,,Negra,717.7,452.6,caiu,3679.8,1591.3,24.2,15.6,,90.6
10. Raça × Gênero × Geração × Escolaridade,Mulheres · Geração X · Superior compl.,6748.8,7657.1,13.5,5165.5,5446.6,5.4,3968.3,5889.9,48.4,Indígena,1583.4,2210.5,subiu,2780.5,1767.2,30.7,40.6,70.1,30.0
10. Raça × Gênero × Geração × Escolaridade,Mulheres · Millennial · Sem instrução,1613.6,2422.1,50.1,968.5,1722.1,77.8,0.0,1395.4,,Negra,645.1,700.1,subiu,1613.6,1026.7,66.6,40.7,,73.6
10. Raça × Gênero × Geração × Escolaridade,Mulheres · Millennial · Fundamental incompl.,1217.2,1630.2,33.9,1016.5,1354.6,33.3,1389.1,1519.0,9.4,Branca,200.7,275.6,subiu,-171.9,111.2,19.7,20.3,-12.4,7.3
10. Raça × Gênero × Geração × Escolaridade,Mulheres · Millennial · Fundamental compl.,1530.3,1870.9,22.3,1223.5,1546.8,26.4,1316.5,1274.7,-3.2,Negra,306.8,324.1,subiu,213.8,596.2,25.1,20.9,16.2,46.8
10. Raça × Gênero × Geração × Escolaridade,Mulheres · Millennial · Médio incompl.,1430.7,2049.3,43.2,1239.8,1661.4,34.0,1179.3,1442.7,22.3,Branca,190.9,387.9,subiu,251.4,606.6,15.4,23.3,21.3,42.0
10. Raça × Gênero × Geração × Escolaridade,Mulheres · Millennial · Médio compl.,1904.5,2607.6,36.9,1565.8,2054.5,31.2,1462.2,1976.1,35.1,Branca,338.7,553.1,subiu,442.3,631.5,21.6,26.9,30.2,32.0
10. Raça × Gênero × Geração × Escolaridade,Mulheres · Millennial · Superior incompl.,2325.4,3488.8,50.0,2034.4,2665.3,31.0,1963.6,2316.0,17.9,Branca,291.0,823.5,subiu,361.8,1172.8,14.3,30.9,18.4,50.6
10. Raça × Gênero × Geração × Escolaridade,Mulheres · Millennial · Superior compl.,4732.4,6580.8,39.1,3625.3,4856.3,34.0,3812.9,10243.1,168.6,Indígena,1107.1,1724.6,subiu,919.5,-3662.2,30.5,35.5,24.1,-35.8
10. Raça × Gênero × Geração × Escolaridade,Mulheres · Geração Z · Sem instrução,325.1,1979.3,508.7,273.1,1464.2,436.2,,2000.0,,Branca,52.1,515.2,subiu,,-20.7,19.1,35.2,,-1.0
10. Raça × Gênero × Geração × Escolaridade,Mulheres · Geração Z · Fundamental incompl.,611.0,1534.0,151.0,548.3,1154.5,110.6,1362.6,1716.7,26.0,Branca,62.7,379.5,subiu,-751.6,-182.7,11.4,32.9,-55.2,-10.6
10. Raça × Gênero × Geração × Escolaridade,Mulheres · Geração Z · Fundamental compl.,1702.6,1418.1,-16.7,620.8,1371.7,121.0,0.0,1068.7,,Negra,1081.8,46.4,caiu,1702.6,349.5,174.3,3.4,,32.7
10. Raça × Gênero × Geração × Escolaridade,Mulheres · Geração Z · Médio incompl.,869.5,1516.3,74.4,656.1,1398.1,113.1,1194.0,1332.3,11.6,Negra,213.4,118.2,caiu,-324.5,184.1,32.5,8.5,-27.2,13.8
10. Raça × Gênero × Geração × Escolaridade,Mulheres · Geração Z · Médio compl.,,2133.1,,,1762.9,,,1560.3,,—,,370.1,—,,572.7,,21.0,,36.7
10. Raça × Gênero × Geração × Escolaridade,Mulheres · Geração Z · Superior incompl.,,2318.7,,,2049.5,,,1973.6,,—,,269.2,—,,345.1,,13.1,,17.5
10. Raça × Gênero × Geração × Escolaridade,Mulheres · Geração Z · Superior compl.,,4372.1,,,3579.2,,,1789.9,,—,,792.9,—,,2582.2,,22.2,,144.3
6. Raça × Gênero × Faixa Etária,Homens · 14-17 anos,1153.7,1208.6,4.8,945.3,1055.5,11.7,1229.3,604.7,-50.8,Negra,208.4,153.1,caiu,-75.6,603.9,22.0,14.5,-6.1,99.9
6. Raça × Gênero × Faixa Etária,Homens · 18-24 anos,2250.1,2462.6,9.4,1696.3,2095.3,23.5,2075.1,2064.0,-0.5,Negra,553.8,367.3,caiu,175.0,398.5,32.6,17.5,8.4,19.3
6. Raça × Gênero × Faixa Etária,Homens · 25-39 anos,4404.2,5154.2,17.0,2589.9,3198.9,23.5,2709.7,2971.3,9.7,Negra,1814.2,1955.4,subiu,1694.5,2182.9,70.1,61.1,62.5,73.5
6. Raça × Gênero × Faixa Etária,Homens · 40-59 anos,5795.6,6361.1,9.8,3036.8,3514.9,15.7,2783.2,3140.0,12.8,Negra,2758.9,2846.2,subiu,3012.4,3221.1,90.8,81.0,108.2,102.6
6. Raça × Gênero × Faixa Etária,Homens · 60+ anos,6151.4,5851.0,-4.9,2453.5,3022.3,23.2,1888.6,1944.2,2.9,Negra,3697.8,2828.7,caiu,4262.7,3906.8,150.7,93.6,225.7,200.9
7. Raça × Gênero × Geração,Homens · Baby Boomer,6116.0,5889.3,-3.7,3001.3,3014.7,0.4,2097.6,1693.1,-19.3,Negra,3114.7,2874.6,caiu,4018.4,4196.2,103.8,95.4,191.6,247.8
7. Raça × Gênero × Geração,Homens · Geração X,5220.1,6235.3,19.4,2878.9,3408.3,18.4,2779.1,2898.2,4.3,Branca,2341.2,2827.0,subiu,2441.1,3337.1,81.3,82.9,87.8,115.1
7. Raça × Gênero × Geração,Homens · Millennial,3037.5,5964.7,96.4,2023.9,3500.2,72.9,2627.0,3252.9,23.8,Branca,1013.5,2464.4,subiu,410.5,2711.8,50.1,70.4,15.6,83.4
7. Raça × Gênero × Geração,Homens · Geração Z,899.1,3138.2,249.0,651.2,2370.4,264.0,969.2,2169.4,123.8,Negra,247.9,767.9,subiu,-70.1,968.8,38.1,32.4,-7.2,44.7
8. Raça × Gênero × Escolaridade,Homens · Sem instrução,1835.7,2406.3,31.1,1176.4,1546.9,31.5,1301.8,1337.1,2.7,Negra,659.3,859.4,subiu,534.0,1069.2,56.0,55.6,41.0,80.0
8. Raça × Gênero × Escolaridade,Homens · Fundamental incompl.,2469.2,2720.4,10.2,1813.8,2032.4,12.1,1720.7,1400.9,-18.6,Negra,655.4,688.0,subiu,748.5,1319.5,36.1,33.8,43.5,94.2
8. Raça × Gênero × Escolaridade,Homens · Fundamental compl.,2922.2,3090.9,5.8,2205.9,2398.0,8.7,2105.7,2664.4,26.5,Indígena,716.4,692.9,caiu,816.5,426.4,32.5,28.9,38.8,16.0
8. Raça × Gênero × Escolaridade,Homens · Médio incompl.,2658.6,2803.7,5.5,2020.2,2285.8,13.2,1942.7,1787.3,-8.0,Negra,638.4,517.9,caiu,716.0,1016.4,31.6,22.7,36.9,56.9
8. Raça × Gênero × Escolaridade,Homens · Médio compl.,3949.5,3614.6,-8.5,2899.6,2848.9,-1.8,2797.0,2909.1,4.0,Indígena,1049.8,765.7,caiu,1152.5,705.5,36.2,26.9,41.2,24.3
8. Raça × Gênero × Escolaridade,Homens · Superior incompl.,4979.7,4432.4,-11.0,3930.8,3688.5,-6.2,6756.1,3406.2,-49.6,Negra,1048.9,743.9,caiu,-1776.4,1026.2,26.7,20.2,-26.3,30.1
8. Raça × Gênero × Escolaridade,Homens · Superior compl.,11530.4,10149.8,-12.0,8203.2,6955.4,-15.2,6272.7,5588.1,-10.9,Indígena,3327.2,3194.4,caiu,5257.7,4561.7,40.6,45.9,83.8,81.6
9. Raça × Gênero × Faixa Etária × Escolaridade,Homens · 14-17 · Sem instrução,912.7,708.4,-22.4,723.9,602.3,-16.8,559.0,1621.0,190.0,Indígena,188.8,106.1,caiu,353.7,-912.6,26.1,17.6,63.3,-56.3
9. Raça × Gênero × Faixa Etária × Escolaridade,Homens · 14-17 · Fundamental incompl.,1036.3,1024.3,-1.2,838.0,980.7,17.0,1487.0,518.1,-65.2,Negra,198.3,43.6,caiu,-450.7,506.2,23.7,4.4,-30.3,97.7
9. Raça × Gênero × Faixa Etária × Escolaridade,Homens · 14-17 · Fundamental compl.,1081.8,1199.4,10.9,970.9,971.9,0.1,0.0,1032.4,,Branca,110.8,227.5,subiu,1081.8,167.0,11.4,23.4,,16.2
9. Raça × Gênero × Faixa Etária × Escolaridade,Homens · 14-17 · Médio incompl.,1209.1,1219.5,0.9,1035.1,1059.5,2.4,1012.3,635.7,-37.2,Negra,174.0,160.0,caiu,196.8,583.8,16.8,15.1,19.4,91.8
9. Raça × Gênero × Faixa Etária × Escolaridade,Homens · 14-17 · Médio compl.,1404.5,1602.2,14.1,1458.9,1519.6,4.2,0.0,500.0,,Branca,-54.5,82.6,subiu,1404.5,1102.2,-3.7,5.4,,220.4
9. Raça × Gênero × Faixa Etária × Escolaridade,Homens · 14-17 · Superior incompl.,1920.9,1400.0,-27.1,1248.6,0.0,-100.0,,,,Branca,672.2,1400.0,subiu,,,53.8,,,
9. Raça × Gênero × Faixa Etária × Escolaridade,Homens · 14-17 · Superior compl.,,,,,,,,,,—,,,—,,,,,,
9. Raça × Gênero × Faixa Etária × Escolaridade,Homens · 18-24 · Sem instrução,2372.7,1557.0,-34.4,1210.3,2195.3,81.4,766.8,1200.0,56.5,Negra,1162.4,-638.3,caiu,1605.9,357.0,96.0,-29.1,209.4,29.7
9. Raça × Gênero × Faixa Etária × Escolaridade,Homens · 18-24 · Fundamental incompl.,1641.8,1989.2,21.2,1346.1,1660.0,23.3,1804.0,1686.8,-6.5,Negra,295.7,329.2,subiu,-162.3,302.4,22.0,19.8,-9.0,17.9
9. Raça × Gênero × Faixa Etária × Escolaridade,Homens · 18-24 · Fundamental compl.,1868.3,2365.7,26.6,1584.4,1945.7,22.8,1303.9,1578.9,21.1,Branca,283.8,420.0,subiu,564.3,786.9,17.9,21.6,43.3,49.8
9. Raça × Gênero × Faixa Etária × Escolaridade,Homens · 18-24 · Médio incompl.,1915.6,1993.3,4.1,1573.5,1867.0,18.7,1304.6,1732.9,32.8,Indígena,342.1,126.3,caiu,611.0,260.4,21.7,6.8,46.8,15.0
9. Raça × Gênero × Faixa Etária × Escolaridade,Homens · 18-24 · Médio compl.,2187.2,2325.2,6.3,1885.3,2068.9,9.7,2109.0,2246.2,6.5,Negra,301.9,256.4,caiu,78.2,79.0,16.0,12.4,3.7,3.5
9. Raça × Gênero × Faixa Etária × Escolaridade,Homens · 18-24 · Superior incompl.,2568.8,2716.0,5.7,2182.2,2425.8,11.2,7510.7,1520.6,-79.8,Negra,386.6,290.2,caiu,-4941.9,1195.5,17.7,12.0,-65.8,78.6
9. Raça × Gênero × Faixa Etária × Escolaridade,Homens · 18-24 · Superior compl.,4711.4,3814.7,-19.0,3569.4,3587.0,0.5,,3812.9,,Negra,1142.0,227.6,caiu,,1.8,32.0,6.3,,0.0
9. Raça × Gênero × Faixa Etária × Escolaridade,Homens · 25-39 · Sem instrução,1830.7,3959.4,116.3,1183.8,1895.9,60.1,1282.9,1268.8,-1.1,Branca,646.9,2063.6,subiu,547.8,2690.6,54.6,108.8,42.7,212.1
9. Raça × Gênero × Faixa Etária × Escolaridade,Homens · 25-39 · Fundamental incompl.,2340.3,2302.0,-1.6,1764.7,1897.3,7.5,1795.0,1313.0,-26.9,Negra,575.6,404.7,caiu,545.3,989.1,32.6,21.3,30.4,75.3
9. Raça × Gênero × Faixa Etária × Escolaridade,Homens · 25-39 · Fundamental compl.,2765.6,2751.8,-0.5,2223.8,2230.0,0.3,2305.1,3124.3,35.5,Indígena,541.8,521.9,caiu,460.5,-372.4,24.4,23.4,20.0,-11.9
9. Raça × Gênero × Faixa Etária × Escolaridade,Homens · 25-39 · Médio incompl.,2871.1,2998.4,4.4,2266.0,2477.8,9.4,1887.0,1813.8,-3.9,Negra,605.1,520.6,caiu,984.1,1184.6,26.7,21.0,52.2,65.3
9. Raça × Gênero × Faixa Etária × Escolaridade,Homens · 25-39 · Médio compl.,3580.8,3484.6,-2.7,2786.9,2785.5,-0.1,2746.2,2910.2,6.0,Indígena,794.0,699.1,caiu,834.6,574.4,28.5,25.1,30.4,19.7
9. Raça × Gênero × Faixa Etária × Escolaridade,Homens · 25-39 · Superior incompl.,5007.4,4182.7,-16.5,3873.2,3785.7,-2.3,6888.3,2349.5,-65.9,Negra,1134.2,397.0,caiu,-1880.9,1833.2,29.3,10.5,-27.3,78.0
9. Raça × Gênero × Faixa Etária × Escolaridade,Homens · 25-39 · Superior compl.,9177.4,8353.2,-9.0,6773.9,6045.8,-10.7,4552.7,6886.8,51.3,Indígena,2403.6,2307.3,caiu,4624.7,1466.3,35.5,38.2,101.6,21.3
9. Raça × Gênero × Faixa Etária × Escolaridade,Homens · 40-59 · Sem instrução,1726.5,2240.8,29.8,1238.0,1543.0,24.6,1338.5,1581.0,18.1,Branca,488.5,697.8,subiu,388.0,659.9,39.5,45.2,29.0,41.7
9. Raça × Gênero × Faixa Etária × Escolaridade,Homens · 40-59 · Fundamental incompl.,2684.3,2903.9,8.2,2058.2,2141.6,4.1,1832.6,1657.0,-9.6,Branca,626.1,762.3,subiu,851.6,1246.9,30.4,35.6,46.5,75.2
9. Raça × Gênero × Faixa Etária × Escolaridade,Homens · 40-59 · Fundamental compl.,3636.0,3396.5,-6.6,2705.3,2722.9,0.6,2267.3,2247.8,-0.9,Negra,930.7,673.6,caiu,1368.7,1148.7,34.4,24.7,60.4,51.1
9. Raça × Gênero × Faixa Etária × Escolaridade,Homens · 40-59 · Médio incompl.,3887.9,3787.3,-2.6,2986.7,2756.3,-7.7,2496.3,2067.8,-17.2,Branca,901.2,1031.0,subiu,1391.6,1719.5,30.2,37.4,55.7,83.2
9. Raça × Gênero × Faixa Etária × Escolaridade,Homens · 40-59 · Médio compl.,5322.6,4186.6,-21.3,3994.2,3279.3,-17.9,3859.6,3214.4,-16.7,Indígena,1328.4,907.3,caiu,1463.1,972.2,33.3,27.7,37.9,30.2
9. Raça × Gênero × Faixa Etária × Escolaridade,Homens · 40-59 · Superior incompl.,8284.5,6342.2,-23.4,6842.8,4814.6,-29.6,4842.2,5361.6,10.7,Indígena,1441.7,1527.7,subiu,3442.3,980.6,21.1,31.7,71.1,18.3
9. Raça × Gênero × Faixa Etária × Escolaridade,Homens · 40-59 · Superior compl.,14186.3,11851.2,-16.5,10402.4,8040.7,-22.7,9327.8,5014.4,-46.2,Branca,3783.9,3810.5,subiu,4858.5,6836.8,36.4,47.4,52.1,136.3
9. Raça × Gênero × Faixa Etária × Escolaridade,Homens · 60+ · Sem instrução,2031.2,2243.1,10.4,1027.3,1381.3,34.5,1347.2,982.4,-27.1,Negra,1003.9,861.7,caiu,684.0,1260.7,97.7,62.4,50.8,128.3
9. Raça × Gênero × Faixa Etária × Escolaridade,Homens · 60+ · Fundamental incompl.,2715.2,2768.4,2.0,1899.7,2037.7,7.3,1008.5,933.9,-7.4,Negra,815.5,730.8,caiu,1706.7,1834.5,42.9,35.9,169.2,196.4
9. Raça × Gênero × Faixa Etária × Escolaridade,Homens · 60+ · Fundamental compl.,3942.6,3612.2,-8.4,2754.9,2607.6,-5.3,2628.9,2055.4,-21.8,Negra,1187.7,1004.6,caiu,1313.7,1556.8,43.1,38.5,50.0,75.7
9. Raça × Gênero × Faixa Etária × Escolaridade,Homens · 60+ · Médio incompl.,6584.5,3508.8,-46.7,2670.6,2417.9,-9.5,0.0,1500.8,,Negra,3913.9,1090.9,caiu,6584.5,2008.0,146.6,45.1,,133.8
9. Raça × Gênero × Faixa Etária × Escolaridade,Homens · 60+ · Médio compl.,7317.3,4455.7,-39.1,3913.3,3621.7,-7.5,3847.5,2713.9,-29.5,Negra,3404.1,834.1,caiu,3469.8,1741.9,87.0,23.0,90.2,64.2
9. Raça × Gênero × Faixa Etária × Escolaridade,Homens · 60+ · Superior incompl.,15221.6,7219.8,-52.6,4356.0,4792.7,10.0,0.0,2000.0,,Negra,10865.5,2427.1,caiu,15221.6,5219.8,249.4,50.6,,261.0
9. Raça × Gênero × Faixa Etária × Escolaridade,Homens · 60+ · Superior compl.,15900.3,12396.8,-22.0,13706.3,8633.8,-37.0,7240.3,6286.2,-13.2,Indígena,2194.1,3763.0,subiu,8660.0,6110.6,16.0,43.6,119.6,97.2
10. Raça × Gênero × Geração × Escolaridade,Homens · Baby Boomer · Sem instrução,1671.9,2418.9,44.7,1183.3,1375.0,16.2,1237.7,1055.7,-14.7,Branca,488.6,1043.9,subiu,434.2,1363.2,41.3,75.9,35.1,129.1
10. Raça × Gênero × Geração × Escolaridade,Homens · Baby Boomer · Fundamental incompl.,2715.9,2792.9,2.8,2020.4,2020.8,0.0,1467.8,926.4,-36.9,Branca,695.5,772.1,subiu,1248.1,1866.5,34.4,38.2,85.0,201.5
10. Raça × Gênero × Geração × Escolaridade,Homens · Baby Boomer · Fundamental compl.,3719.9,3765.9,1.2,2753.5,2341.0,-15.0,2663.3,1621.0,-39.1,Branca,966.4,1424.9,subiu,1056.7,2144.9,35.1,60.9,39.7,132.3
10. Raça × Gênero × Geração × Escolaridade,Homens · Baby Boomer · Médio incompl.,4058.0,3790.0,-6.6,2894.0,2377.3,-17.9,2236.0,1500.8,-32.9,Branca,1163.9,1412.8,subiu,1822.0,2289.2,40.2,59.4,81.5,152.5
10. Raça × Gênero × Geração × Escolaridade,Homens · Baby Boomer · Médio compl.,5818.7,4539.9,-22.0,4299.1,3747.0,-12.8,3175.1,3422.3,7.8,Indígena,1519.6,792.9,caiu,2643.6,1117.7,35.3,21.2,83.3,32.7
10. Raça × Gênero × Geração × Escolaridade,Homens · Baby Boomer · Superior incompl.,9126.0,7721.4,-15.4,8086.1,4459.9,-44.8,0.0,,,Branca,1039.9,3261.5,subiu,9126.0,,12.9,73.1,,
10. Raça × Gênero × Geração × Escolaridade,Homens · Baby Boomer · Superior compl.,15530.8,12363.5,-20.4,12056.0,8894.3,-26.2,4849.0,7941.0,63.8,Indígena,3474.8,3469.2,caiu,10681.8,4422.5,28.8,39.0,220.3,55.7
10. Raça × Gênero × Geração × Escolaridade,Homens · Geração X · Sem instrução,1831.5,2056.5,12.3,1258.3,1529.4,21.5,1306.6,1835.1,40.4,Indígena,573.2,527.1,caiu,524.9,221.3,45.6,34.5,40.2,12.1
10. Raça × Gênero × Geração × Escolaridade,Homens · Geração X · Fundamental incompl.,2592.7,2901.3,11.9,1968.5,2167.0,10.1,1860.5,1670.1,-10.2,Branca,624.3,734.4,subiu,732.3,1231.2,31.7,33.9,39.4,73.7
10. Raça × Gênero × Geração × Escolaridade,Homens · Geração X · Fundamental compl.,3310.6,3386.2,2.3,2513.5,2910.6,15.8,2229.1,2367.1,6.2,Negra,797.1,475.6,caiu,1081.5,1019.1,31.7,16.3,48.5,43.1
10. Raça × Gênero × Geração × Escolaridade,Homens · Geração X · Médio incompl.,3653.7,4052.6,10.9,2761.6,2881.3,4.3,2303.0,1929.0,-16.2,Branca,892.0,1171.3,subiu,1350.7,2123.6,32.3,40.7,58.6,110.1
10. Raça × Gênero × Geração × Escolaridade,Homens · Geração X · Médio compl.,4480.6,4248.0,-5.2,3367.8,3395.6,0.8,3554.2,3738.6,5.2,Indígena,1112.8,852.4,caiu,926.4,509.4,33.0,25.1,26.1,13.6
10. Raça × Gênero × Geração × Escolaridade,Homens · Geração X · Superior incompl.,7369.8,6733.4,-8.6,4868.8,5047.3,3.7,3611.2,3989.0,10.5,Indígena,2501.0,1686.1,caiu,3758.6,2744.4,51.4,33.4,104.1,68.8
10. Raça × Gênero × Geração × Escolaridade,Homens · Geração X · Superior compl.,11605.7,12303.0,6.0,8344.4,8150.3,-2.3,7347.1,4870.2,-33.7,Branca,3261.3,4152.8,subiu,4258.6,7432.9,39.1,51.0,58.0,152.6
10. Raça × Gênero × Geração × Escolaridade,Homens · Millennial · Sem instrução,1797.3,3383.3,88.2,1120.9,1725.2,53.9,569.3,1155.1,102.9,Indígena,676.4,1658.1,subiu,1228.0,2228.2,60.3,96.1,215.7,192.9
10. Raça × Gênero × Geração × Escolaridade,Homens · Millennial · Fundamental incompl.,1847.3,2598.3,40.7,1464.2,1972.7,34.7,1715.8,1328.7,-22.6,Branca,383.1,625.6,subiu,131.5,1269.6,26.2,31.7,7.7,95.5
10. Raça × Gênero × Geração × Escolaridade,Homens · Millennial · Fundamental compl.,2096.2,3026.3,44.4,1758.1,2372.3,34.9,1546.6,3671.2,137.4,Indígena,338.1,654.0,subiu,549.6,-644.9,19.2,27.6,35.5,-17.6
10. Raça × Gênero × Geração × Escolaridade,Homens · Millennial · Médio incompl.,1969.3,3111.7,58.0,1669.3,2610.6,56.4,1725.8,1953.7,13.2,Branca,300.0,501.1,subiu,243.5,1158.0,18.0,19.2,14.1,59.3
10. Raça × Gênero × Geração × Escolaridade,Homens · Millennial · Médio compl.,2677.9,3837.9,43.3,2236.2,2972.0,32.9,2467.5,2822.2,14.4,Branca,441.7,865.9,subiu,210.4,1015.7,19.8,29.1,8.5,36.0
10. Raça × Gênero × Geração × Escolaridade,Homens · Millennial · Superior incompl.,3219.8,5066.6,57.4,2896.3,4371.4,50.9,8476.1,5396.8,-36.3,Branca,323.5,695.2,subiu,-5256.3,-330.2,11.2,15.9,-62.0,-6.1
10. Raça × Gênero × Geração × Escolaridade,Homens · Millennial · Superior compl.,6996.1,9851.9,40.8,5265.1,7114.3,35.1,4811.2,5860.5,21.8,Branca,1731.0,2737.6,subiu,2185.0,3991.4,32.9,38.5,45.4,68.1
10. Raça × Gênero × Geração × Escolaridade,Homens · Geração Z · Sem instrução,1198.4,1877.5,56.7,632.2,1910.5,202.2,0.0,1014.5,,Negra,566.2,-33.0,caiu,1198.4,863.0,89.6,-1.7,,85.1
10. Raça × Gênero × Geração × Escolaridade,Homens · Geração Z · Fundamental incompl.,833.1,1844.0,121.4,619.5,1703.9,175.0,699.3,1236.4,76.8,Negra,213.6,140.1,caiu,133.7,607.6,34.5,8.2,19.1,49.1
10. Raça × Gênero × Geração × Escolaridade,Homens · Geração Z · Fundamental compl.,817.2,2204.6,169.8,689.6,1868.6,171.0,0.0,2068.3,,Negra,127.6,336.0,subiu,817.2,136.3,18.5,18.0,,6.6
10. Raça × Gênero × Geração × Escolaridade,Homens · Geração Z · Médio incompl.,1136.2,2063.7,81.6,811.8,1862.3,129.4,1012.3,1652.1,63.2,Negra,324.4,201.4,caiu,123.9,411.6,40.0,10.8,12.2,24.9
10. Raça × Gênero × Geração × Escolaridade,Homens · Geração Z · Médio compl.,,2642.0,,,2307.0,,,2532.6,,—,,335.0,—,,109.4,,14.5,,4.3
10. Raça × Gênero × Geração × Escolaridade,Homens · Geração Z · Superior incompl.,,3019.4,,,2757.4,,,2119.1,,—,,262.0,—,,900.3,,9.5,,42.5
10. Raça × Gênero × Geração × Escolaridade,Homens · Geração Z · Superior compl.,,5806.3,,,4386.5,,,4617.6,,—,,1419.8,—,,1188.7,,32.4,,25.7
